<?xml version="1.0" encoding="UTF-8"?>
<!DOCTYPE bindings PUBLIC "-//NetBeans//DTD Editor KeyBindings settings 1.1//EN" "http://www.netbeans.org/dtds/EditorKeyBindings-1_1.dtd">
<bindings>
    <bind actionName="format" key="SD-I"/>
    <bind actionName="goto-declaration" key="SO-G"/>
    <bind actionName="select-element-next" key="SDO-UP"/>
    <bind actionName="select-element-previous" key="SDO-DOWN"/>
    <bind key="S-SPACE" remove="true"/>
    <bind key="SO-F" remove="true"/>
    <bind key="S-F10" remove="true"/>
    <bind key="D-R" remove="true"/>
</bindings>
